bg2010gj,bg2010ge,bg2020gj,bg2020ge,parea,wt_pop,wt_adult,wt_fam,wt_hh,wt_hu,wt_ownhu,wt_renthu
G11000100001001,110010001001,G11000100001021,110010001021,0.9876507839,0.9984647021,0.9984035753,0.9990475789,0.99832435,0.9983388042,0.999639779,0.9969015391
G11000100001001,110010001001,G11000100004002,110010004002,0.0123492161,0.0015352979,0.0015964247,0.0009524211,0.00167565,0.0016611958,0.000360221,0.0030984609
G11000100001002,110010001002,G11000100001011,110010001011,1,1,1,1,1,1,1,1
G11000100001003,110010001003,G11000100001022,110010001022,1,1,1,1,1,1,1,1
G11000100001004,110010001004,G11000100001023,110010001023,0.9976716937,1,1,1,1,1,1,1
G11000100001004,110010001004,G11000100056012,110010056012,0.0023283063,0,0,0,0,0,0,0
G11000100002011,110010002011,G11000100002011,110010002011,0.3838747115,0,0,0,0,0,0,0
G11000100002011,110010002011,G11000100002012,110010002012,0.4922601651,0.9995608368,0.9995592611,0.9995297082,0.9385798912,0.9385798912,0.9385798912,0.9385798912
G11000100002011,110010002011,G11000100002021,110010002021,0.0001536306,0.0004391632,0.0004407389,0.0004702918,0.0614201088,0.0614201088,0.0614201088,0.0614201088
G11000100002011,110010002011,G11000100002024,110010002024,0.0001795442,0,0,0,0,0,0,0
G11000100002011,110010002011,G11000100008022,110010008022,0.1235319487,0,0,0,0,0,0,0
G11000100002021,110010002021,G11000100002021,110010002021,1,1,1,1,1,1,1,1
G11000100002022,110010002022,G11000100002022,110010002022,1,1,1,1,1,1,1,1
G11000100002023,110010002023,G11000100002023,110010002023,1,1,1,1,1,1,1,1
G11000100002024,110010002024,G11000100001023,110010001023,0.0000061847,0,0,0,0,0,0,0
G11000100002024,110010002024,G11000100002012,110010002012,0.0915792826,0.0165021387,0.0146236607,0.0756046531,0.0306741819,0.0366146045,0.0457797696,0.0173309128
G11000100002024,110010002024,G11000100002024,110010002024,0.9084145327,0.9834978613,0.9853763393,0.9243953469,0.9693258181,0.9633853955,0.9542202304,0.9826690872
G11000100003001,110010003001,G11000100003001,110010003001,1,1,1,1,1,1,1,1
G11000100003002,110010003002,G11000100003002,110010003002,1,1,1,1,1,1,1,1
G11000100003003,110010003003,G11000100003003,110010003003,1,1,1,1,1,1,1,1
G11000100003004,110010003004,G11000100003004,110010003004,1,1,1,1,1,1,1,1
G11000100004001,110010004001,G11000100004001,110010004001,0.9987910016,1,1,1,1,1,1,1
G11000100004001,110010004001,G11000100007022,110010007022,0.0012089984,0,0,0,0,0,0,0
G11000100004002,110010004002,G11000100004002,110010004002,0.9988806929,1,1,1,1,1,1,1
G11000100004002,110010004002,G11000100005013,110010005013,0.0011193071,0,0,0,0,0,0,0
G11000100005011,110010005011,G11000100005011,110010005011,0.9955754404,1,1,1,1,1,1,1
G11000100005011,110010005011,G11000100013044,110010013044,0.0044245596,0,0,0,0,0,0,0
G11000100005012,110010005012,G11000100005012,110010005012,0.1193864087,0.5464628845,0.5450477999,0.5100880208,0.5468393349,0.5449821581,0.3161040006,0.5728674061
G11000100005012,110010005012,G11000100005013,110010005013,0.8806135913,0.4535371155,0.4549522001,0.4899119792,0.4531606651,0.4550178419,0.6838959994,0.4271325939
G11000100005021,110010005021,G11000100005021,110010005021,1,1,1,1,1,1,1,1
G11000100005022,110010005022,G11000100005022,110010005022,1,1,1,1,1,1,1,1
G11000100006001,110010006001,G11000100006001,110010006001,0.9955373762,1,1,1,1,1,1,1
G11000100006001,110010006001,G11000100012004,110010012004,0.0044626238,0,0,0,0,0,0,0
G11000100006002,110010006002,G11000100006002,110010006002,1,1,1,1,1,1,1,1
G11000100006003,110010006003,G11000100006003,110010006003,1,1,1,1,1,1,1,1
G11000100006004,110010006004,G11000100006004,110010006004,1,1,1,1,1,1,1,1
G11000100007011,110010007011,G11000100007041,110010007041,1,1,1,1,1,1,1,1
G11000100007012,110010007012,G11000100007031,110010007031,1,1,1,1,1,1,1,1
G11000100007013,110010007013,G11000100007032,110010007032,1,1,1,1,1,1,1,1
G11000100007014,110010007014,G11000100007022,110010007022,0.0356216824,0.0179828084,0.016277432,0.0226132319,0.0137083481,0.0134361131,0.0304703718,0.0031875034
G11000100007014,110010007014,G11000100007042,110010007042,0.9643783176,0.9820171916,0.983722568,0.9773867681,0.9862916519,0.9865638869,0.9695296282,0.9968124966
G11000100007021,110010007021,G11000100007021,110010007021,1,1,1,1,1,1,1,1
G11000100007022,110010007022,G11000100007022,110010007022,1,1,1,1,1,1,1,1
G11000100007023,110010007023,G11000100007023,110010007023,1,1,1,1,1,1,1,1
G11000100008011,110010008011,G11000100007031,110010007031,0.0691071429,0.1108108108,0.1048862679,0.1196581197,0.1104868914,0.1136107987,0,0.1940789474
G11000100008011,110010008011,G11000100008032,110010008032,0.4940724206,0.4352206122,0.4381204261,0.4308902276,0.4353791571,0.4338501362,0.4894578313,0.3944643706
G11000100008011,110010008011,G11000100008033,110010008033,0.4368204365,0.453968577,0.456993306,0.4494516528,0.4541339515,0.4525390651,0.5105421687,0.411456682
G11000100008012,110010008012,G11000100008041,110010008041,1,1,1,1,1,1,1,1
G11000100008013,110010008013,G11000100003003,110010003003,0.006760786,0,0,0,0,0,0,0
G11000100008013,110010008013,G11000100007021,110010007021,0.0069668045,0,0,0,0,0,0,0
G11000100008013,110010008013,G11000100007032,110010007032,0.0059930453,0,0,0,0,0,0,0
G11000100008013,110010008013,G11000100008031,110010008031,0.0969614689,0.2565569862,0.2897252091,0.2732240437,0.320471597,0.3259827421,0.3109452736,0.3798449612
G11000100008013,110010008013,G11000100008043,110010008043,0.8833178954,0.7434430138,0.7102747909,0.7267759563,0.679528403,0.6740172579,0.6890547264,0.6201550388
G11000100008014,110010008014,G11000100008021,110010008021,0,0,0,0,0,0,0,0
G11000100008014,110010008014,G11000100008042,110010008042,0.9543087596,0.9806013579,0.9797297297,0.9791666667,0.9647435897,0.9663608563,0.9456521739,0.9921875
G11000100008014,110010008014,G11000100009022,110010009022,0.0456912404,0.0193986421,0.0202702703,0.0208333333,0.0352564103,0.0336391437,0.0543478261,0.0078125
G11000100008021,110010008021,G11000100002024,110010002024,0.0001875941,0,0,0,0,0,0,0
G11000100008021,110010008021,G11000100008021,110010008021,0.9998124059,1,1,1,1,1,1,1
G11000100008022,110010008022,G11000100002011,110010002011,0.0024417276,0,0,0,0,0,0,0
G11000100008022,110010008022,G11000100002012,110010002012,0.0005180734,0,0,0,0,0,0,0
G11000100008022,110010008022,G11000100002024,110010002024,0.0003780926,0,0,0,0,0,0,0
G11000100008022,110010008022,G11000100003003,110010003003,0.0329099274,0,0,0,0,0,0,0
G11000100008022,110010008022,G11000100008022,110010008022,0.9637521791,1,1,1,1,1,1,1
G11000100009011,110010009011,G11000100009041,110010009041,1,1,1,1,1,1,1,1
G11000100009012,110010009012,G11000100009042,110010009042,1,1,1,1,1,1,1,1
G11000100009013,110010009013,G11000100009031,110010009031,0.3240339001,0.7280159509,0.7697162907,0.1390123067,0.1166236804,0.1186016591,0.1082695486,0.1686878235
G11000100009013,110010009013,G11000100009032,110010009032,0.6653600554,0.2666338545,0.2268929946,0.8409208037,0.8611540974,0.8615745523,0.8716731448,0.7955978908
G11000100009013,110010009013,G11000100009042,110010009042,0.0106060445,0.0053501946,0.0033907147,0.0200668896,0.0222222222,0.0198237885,0.0200573066,0.0357142857
G11000100009021,110010009021,G11000100009021,110010009021,1,1,1,1,1,1,1,1
G11000100009022,110010009022,G11000100008042,110010008042,0.006906507,0,0,0,0,0,0,0
G11000100009022,110010009022,G11000100009022,110010009022,0.993093493,1,1,1,1,1,1,1
G11000100010011,110010010011,G11000100010041,110010010041,1,1,1,1,1,1,1,1
G11000100010012,110010010012,G11000100010042,110010010042,1,1,1,1,1,1,1,1
G11000100010013,110010010013,G11000100010031,110010010031,1,1,1,1,1,1,1,1
G11000100010014,110010010014,G11000100010043,110010010043,1,1,1,1,1,1,1,1
G11000100010015,110010010015,G11000100010032,110010010032,1,1,1,1,1,1,1,1
G11000100010016,110010010016,G11000100010033,110010010033,1,1,1,1,1,1,1,1
G11000100010021,110010010021,G11000100010021,110010010021,1,1,1,1,1,1,1,1
G11000100010022,110010010022,G11000100010023,110010010023,0.3003003409,0.4258775552,0.4254285213,0.4390944144,0.4321976145,0.4419957896,0.4117497712,0.4456412241
G11000100010022,110010010022,G11000100010024,110010010024,0.6996996591,0.5741224448,0.5745714787,0.5609055856,0.5678023855,0.5580042104,0.5882502288,0.5543587759
G11000100010023,110010010023,G11000100010021,110010010021,0.0700915858,0,0,0,0,0,0,0
G11000100010023,110010010023,G11000100010022,110010010022,0.9299084142,1,1,1,1,1,1,1
G11000100011001,110010011001,G11000100011001,110010011001,1,1,1,1,1,1,1,1
G11000100011002,110010011002,G11000100011002,110010011002,1,1,1,1,1,1,1,1
G11000100011003,110010011003,G11000100011003,110010011003,1,1,1,1,1,1,1,1
G11000100011004,110010011004,G11000100011004,110010011004,1,1,1,1,1,1,1,1
G11000100012001,110010012001,G11000100012001,110010012001,1,1,1,1,1,1,1,1
G11000100012002,110010012002,G11000100012002,110010012002,1,1,1,1,1,1,1,1
G11000100012003,110010012003,G11000100012003,110010012003,1,1,1,1,1,1,1,1
G11000100012004,110010012004,G11000100012004,110010012004,1,1,1,1,1,1,1,1
G11000100013011,110010013011,G11000100013011,110010013011,1,1,1,1,1,1,1,1
G11000100013012,110010013012,G11000100013011,110010013011,0.0028540469,0.0029498525,0.0037383178,0.0052356021,0.0037735849,0.0036363636,0.0040816327,0
G11000100013012,110010013012,G11000100013012,110010013012,0.9971459531,0.9970501475,0.9962616822,0.9947643979,0.9962264151,0.9963636364,0.9959183673,1
G11000100013013,110010013013,G11000100013013,110010013013,0.4340770885,0.5126545026,0.5232336092,0.4327731092,0.5014354067,0.5004484305,0.1851851852,0.5712616822
G11000100013013,110010013013,G11000100013014,110010013014,0.5659229115,0.4873454974,0.4767663908,0.5672268908,0.4985645933,0.4995515695,0.8148148148,0.4287383178
G11000100013021,110010013021,G11000100013031,110010013031,0.1116988397,0.4109327755,0.4146284445,0.3951754303,0.4199875043,0.4197599112,0.41069061,0.4271960427
G11000100013021,110010013021,G11000100013032,110010013032,0.0761476385,0.3314717949,0.3344528422,0.3187614057,0.3387756349,0.3385920508,0.3312764564,0.3445902773
G11000100013021,110010013021,G11000100013034,110010013034,0.8121535218,0.2575954296,0.2509187133,0.286063164,0.2412368608,0.241648038,0.2580329336,0.2282136801
G11000100013022,110010013022,G11000100013041,110010013041,0.2418026644,0.269936969,0.262755102,0.3530701754,0.2408625731,0.2894065093,0.2866344605,0.2274231678
G11000100013022,110010013022,G11000100013042,110010013042,0.0413400811,0.191301759,0.1927427104,0.1779258343,0.1972850603,0.1851263344,0.2134785655,0.1925303715
G11000100013022,110010013022,G11000100013043,110010013043,0.0945224723,0.2272843151,0.2289962996,0.2113924702,0.2343930346,0.2199473352,0.2536324277,0.2287440213
G11000100013022,110010013022,G11000100013044,110010013044,0.6223347822,0.3114769569,0.315505888,0.25761152,0.327459332,0.3055198212,0.2462545463,0.3513024393
G11000100013023,110010013023,G11000100013033,110010013033,0.9451770612,1,1,1,1,1,1,1
G11000100013023,110010013023,G11000100013034,110010013034,0.0074348999,0,0,0,0,0,0,0
G11000100013023,110010013023,G11000100013042,110010013042,0.0113950084,0,0,0,0,0,0,0
G11000100013023,110010013023,G11000100013044,110010013044,0.0359930305,0,0,0,0,0,0,0
G11000100014011,110010014011,G11000100014011,110010014011,1,1,1,1,1,1,1,1
G11000100014012,110010014012,G11000100014012,110010014012,1,1,1,1,1,1,1,1
G11000100014021,110010014021,G11000100014021,110010014021,1,1,1,1,1,1,1,1
G11000100014022,110010014022,G11000100014022,110010014022,1,1,1,1,1,1,1,1
G11000100014023,110010014023,G11000100014023,110010014023,1,1,1,1,1,1,1,1
G11000100015001,110010015001,G11000100015001,110010015001,0.9991790772,1,1,1,1,1,1,1
G11000100015001,110010015001,G11000100016004,110010016004,0.0008209228,0,0,0,0,0,0,0
G11000100015002,110010015002,G11000100015002,110010015002,1,1,1,1,1,1,1,1
G11000100015003,110010015003,G11000100015003,110010015003,1,1,1,1,1,1,1,1
G11000100015004,110010015004,G11000100015004,110010015004,1,1,1,1,1,1,1,1
G11000100015005,110010015005,G11000100015005,110010015005,1,1,1,1,1,1,1,1
G11000100016001,110010016001,G11000100016001,110010016001,1,1,1,1,1,1,1,1
G11000100016002,110010016002,G11000100016002,110010016002,1,1,1,1,1,1,1,1
G11000100016003,110010016003,G11000100016003,110010016003,1,1,1,1,1,1,1,1
G11000100016004,110010016004,G11000100015001,110010015001,0.0003814901,0,0,0,0,0,0,0
G11000100016004,110010016004,G11000100016004,110010016004,0.9996185099,1,1,1,1,1,1,1
G11000100017021,110010017021,G11000100017021,110010017021,1,1,1,1,1,1,1,1
G11000100017022,110010017022,G11000100017022,110010017022,1,1,1,1,1,1,1,1
G11000100018031,110010018031,G11000100018031,110010018031,1,1,1,1,1,1,1,1
G11000100018031,110010018031,G11000100020012,110010020012,0,0,0,0,0,0,0,0
G11000100018032,110010018032,G11000100018032,110010018032,0.6056598464,0.5301902399,0.5204616999,0.5213523132,0.5168756027,0.5175600739,0.0641025641,0.5537017727
G11000100018032,110010018032,G11000100018033,110010018033,0.3943401536,0.4698097601,0.4795383001,0.4786476868,0.4831243973,0.4824399261,0.9358974359,0.4462982273
G11000100018041,110010018041,G11000100018041,110010018041,1,1,1,1,1,1,1,1
G11000100018042,110010018042,G11000100018042,110010018042,1,1,1,1,1,1,1,1
G11000100018043,110010018043,G11000100018043,110010018043,1,1,1,1,1,1,1,1
G11000100019011,110010019011,G11000100019011,110010019011,1,1,1,1,1,1,1,1
G11000100019012,110010019012,G11000100019012,110010019012,1,1,1,1,1,1,1,1
G11000100019013,110010019013,G11000100019013,110010019013,1,1,1,1,1,1,1,1
G11000100019014,110010019014,G11000100019014,110010019014,1,1,1,1,1,1,1,1
G11000100019021,110010019021,G11000100019021,110010019021,1,1,1,1,1,1,1,1
G11000100019022,110010019022,G11000100019022,110010019022,1,1,1,1,1,1,1,1
G11000100020011,110010020011,G11000100020011,110010020011,1,1,1,1,1,1,1,1
G11000100020012,110010020012,G11000100013011,110010013011,0,0,0,0,0,0,0,0
G11000100020012,110010020012,G11000100020012,110010020012,1,1,1,1,1,1,1,1
G11000100020021,110010020021,G11000100020021,110010020021,1,1,1,1,1,1,1,1
G11000100020022,110010020022,G11000100018042,110010018042,0.0028315841,0.0027434957,0.0029423322,0.0031454518,0.0028899196,0.0029738817,0.0038485527,0.0022440113
G11000100020022,110010020022,G11000100020022,110010020022,0.9971684159,0.9972565043,0.9970576678,0.9968545482,0.9971100804,0.9970261183,0.9961514473,0.9977559887
G11000100020023,110010020023,G11000100020023,110010020023,1,1,1,1,1,1,1,1
G11000100021011,110010021011,G11000100021011,110010021011,1,1,1,1,1,1,1,1
G11000100021012,110010021012,G11000100021012,110010021012,1,1,1,1,1,1,1,1
G11000100021013,110010021013,G11000100021013,110010021013,1,1,1,1,1,1,1,1
G11000100021014,110010021014,G11000100021014,110010021014,1,1,1,1,1,1,1,1
G11000100021015,110010021015,G11000100021015,110010021015,1,1,1,1,1,1,1,1
G11000100021021,110010021021,G11000100021021,110010021021,1,1,1,1,1,1,1,1
G11000100021022,110010021022,G11000100021022,110010021022,1,1,1,1,1,1,1,1
G11000100021023,110010021023,G11000100021023,110010021023,1,1,1,1,1,1,1,1
G11000100021024,110010021024,G11000100021024,110010021024,1,1,1,1,1,1,1,1
G11000100021025,110010021025,G11000100021025,110010021025,1,1,1,1,1,1,1,1
G11000100021026,110010021026,G11000100021024,110010021024,0.0026626094,0,0,0,0,0,0,0
G11000100021026,110010021026,G11000100021026,110010021026,0.9973373906,1,1,1,1,1,1,1
G11000100022011,110010022011,G11000100022011,110010022011,1,1,1,1,1,1,1,1
G11000100022012,110010022012,G11000100022012,110010022012,1,1,1,1,1,1,1,1
G11000100022013,110010022013,G11000100022013,110010022013,1,1,1,1,1,1,1,1
G11000100022021,110010022021,G11000100022021,110010022021,1,1,1,1,1,1,1,1
G11000100022022,110010022022,G11000100022022,110010022022,1,1,1,1,1,1,1,1
G11000100022023,110010022023,G11000100022023,110010022023,1,1,1,1,1,1,1,1
G11000100023011,110010023011,G11000100023011,110010023011,1,1,1,1,1,1,1,1
G11000100023012,110010023012,G11000100022021,110010022021,0.0213560716,0,0,0,0,0,0,0
G11000100023012,110010023012,G11000100023012,110010023012,0.9786439284,1,1,1,1,1,1,1
G11000100023021,110010023021,G11000100023021,110010023021,0.1069937803,0,0,0,0,0,0,0
G11000100023021,110010023021,G11000100023022,110010023022,0.2051562285,0.5029469548,0.4757180157,0.9329896907,0.4235197368,0.3521932613,0.9605263158,0.3468045113
G11000100023021,110010023021,G11000100023023,110010023023,0.6865013886,0.4970530452,0.5242819843,0.0670103093,0.5764802632,0.6478067387,0.0394736842,0.6531954887
G11000100023021,110010023021,G11000100095111,110010095111,0.0013486026,0,0,0,0,0,0,0
G11000100024001,110010024001,G11000100024001,110010024001,1,1,1,1,1,1,1,1
G11000100024002,110010024002,G11000100024002,110010024002,1,1,1,1,1,1,1,1
G11000100024003,110010024003,G11000100024003,110010024003,1,1,1,1,1,1,1,1
G11000100024004,110010024004,G11000100024004,110010024004,1,1,1,1,1,1,1,1
G11000100025011,110010025011,G11000100025011,110010025011,1,1,1,1,1,1,1,1
G11000100025012,110010025012,G11000100025012,110010025012,1,1,1,1,1,1,1,1
G11000100025021,110010025021,G11000100025031,110010025031,1,1,1,1,1,1,1,1
G11000100025022,110010025022,G11000100025032,110010025032,1,1,1,1,1,1,1,1
G11000100025023,110010025023,G11000100025041,110010025041,1,1,1,1,1,1,1,1
G11000100025024,110010025024,G11000100025042,110010025042,1,1,1,1,1,1,1,1
G11000100026001,110010026001,G11000100013033,110010013033,0.0007870399,0,0,0,0,0,0,0
G11000100026001,110010026001,G11000100013044,110010013044,0.0000434486,0,0,0,0,0,0,0
G11000100026001,110010026001,G11000100026001,110010026001,0.9913723543,1,1,1,1,1,1,1
G11000100026001,110010026001,G11000100027041,110010027041,0.0077971572,0,0,0,0,0,0,0
G11000100026002,110010026002,G11000100013011,110010013011,0.0003415582,0,0,0,0,0,0,0
G11000100026002,110010026002,G11000100013033,110010013033,0.0005432839,0,0,0,0,0,0,0
G11000100026002,110010026002,G11000100026001,110010026001,0.0001574072,0,0,0,0,0,0,0
G11000100026002,110010026002,G11000100026002,110010026002,0.9989577507,1,1,1,1,1,1,1
G11000100027011,110010027011,G11000100027031,110010027031,1,1,1,1,1,1,1,1
G11000100027012,110010027012,G11000100027032,110010027032,1,1,1,1,1,1,1,1
G11000100027013,110010027013,G11000100027041,110010027041,1,1,1,1,1,1,1,1
G11000100027014,110010027014,G11000100027042,110010027042,1,1,1,1,1,1,1,1
G11000100027021,110010027021,G11000100027021,110010027021,1,1,1,1,1,1,1,1
G11000100027022,110010027022,G11000100027023,110010027023,0.4437669482,0.453617399,0.4556898288,0.4367816092,0.4051020408,0.364116095,0.4369747899,0.375
G11000100027022,110010027022,G11000100027024,110010027024,0.5562330518,0.546382601,0.5443101712,0.5632183908,0.5948979592,0.635883905,0.5630252101,0.625
G11000100027023,110010027023,G11000100005011,110010005011,0,0,0,0,0,0,0,0
G11000100027023,110010027023,G11000100027022,110010027022,0.965672664,1,1,1,1,1,1,1
G11000100027023,110010027023,G11000100039021,110010039021,0.034327336,0,0,0,0,0,0,0
G11000100028011,110010028011,G11000100028011,110010028011,1,1,1,1,1,1,1,1
G11000100028012,110010028012,G11000100028012,110010028012,1,1,1,1,1,1,1,1
G11000100028021,110010028021,G11000100028022,110010028022,0.3772949131,0.3773584906,0.3562252964,0.387409201,0.3961772372,0.3963607595,0.6149425287,0.3572159672
G11000100028021,110010028021,G11000100028023,110010028023,0.6227050869,0.6226415094,0.6437747036,0.612590799,0.6038227628,0.6036392405,0.3850574713,0.6427840328
G11000100028022,110010028022,G11000100028021,110010028021,1,1,1,1,1,1,1,1
G11000100029001,110010029001,G11000100029001,110010029001,1,1,1,1,1,1,1,1
G11000100029002,110010029002,G11000100029002,110010029002,1,1,1,1,1,1,1,1
G11000100030001,110010030001,G11000100030001,110010030001,1,1,1,1,1,1,1,1
G11000100030002,110010030002,G11000100030002,110010030002,1,1,1,1,1,1,1,1
G11000100031001,110010031001,G11000100025032,110010025032,0.0003031232,0.0001675314,0.0001981665,0.0001721254,0.0002395085,0.0002136729,0.0002923945,0.0001758836
G11000100031001,110010031001,G11000100031001,110010031001,0.4087144546,0.4578856153,0.4526445264,0.4636752137,0.460852329,0.442086649,0.4519056261,0.4716157205
G11000100031001,110010031001,G11000100031002,110010031002,0.5909824222,0.5419468533,0.547157307,0.5361526609,0.5389081625,0.5576996781,0.5478019793,0.5282083959
G11000100032001,110010032001,G11000100024001,110010024001,0.0017375235,0.0004894509,0.0004914161,0.0003677603,0.000451146,0.0004589053,0.0002929963,0.0007294894
G11000100032001,110010032001,G11000100032001,110010032001,0.9982624765,0.9995105491,0.9995085839,0.9996322397,0.999548854,0.9995410947,0.9997070037,0.9992705106
G11000100032002,110010032002,G11000100032002,110010032002,1,1,1,1,1,1,1,1
G11000100032003,110010032003,G11000100032003,110010032003,1,1,1,1,1,1,1,1
G11000100032004,110010032004,G11000100023021,110010023021,0.0009288153,0,0,0,0,0,0,0
G11000100032004,110010032004,G11000100032004,110010032004,0.9990711847,1,1,1,1,1,1,1
G11000100033011,110010033011,G11000100033011,110010033011,1,1,1,1,1,1,1,1
G11000100033012,110010033012,G11000100033012,110010033012,1,1,1,1,1,1,1,1
G11000100033013,110010033013,G11000100033013,110010033013,1,1,1,1,1,1,1,1
G11000100033021,110010033021,G11000100033021,110010033021,1,1,1,1,1,1,1,1
G11000100033022,110010033022,G11000100033022,110010033022,1,1,1,1,1,1,1,1
G11000100034001,110010034001,G11000100034001,110010034001,1,1,1,1,1,1,1,1
G11000100034002,110010034002,G11000100023021,110010023021,0.0040541472,0,0,0,0,0,0,0
G11000100034002,110010034002,G11000100032004,110010032004,0.003419917,0,0,0,0,0,0,0
G11000100034002,110010034002,G11000100034002,110010034002,0.3890860681,0,0,0,0,0,0,0
G11000100034002,110010034002,G11000100034003,110010034003,0.1985042019,0.384516129,0.3614748449,0.8119266055,0.8699186992,0.7634408602,0.9022801303,0.8376623377
G11000100034002,110010034002,G11000100034004,110010034004,0.0458357553,0.2312903226,0.2325982081,0.1880733945,0.1300813008,0.2365591398,0.0977198697,0.1623376623
G11000100034002,110010034002,G11000100034005,110010034005,0.3590999103,0.3841935484,0.4059269469,0,0,0,0,0
G11000100035001,110010035001,G11000100035001,110010035001,1,1,1,1,1,1,1,1
G11000100035002,110010035002,G11000100035002,110010035002,0.4450731609,0.6407269338,0.6169154229,0.988372093,0.9944903581,0.9923076923,0.9672131148,1
G11000100035002,110010035002,G11000100035003,110010035003,0.5549268391,0.3592730662,0.3830845771,0.011627907,0.0055096419,0.0076923077,0.0327868852,0
G11000100036001,110010036001,G11000100036001,110010036001,1,1,1,1,1,1,1,1
G11000100036002,110010036002,G11000100036002,110010036002,1,1,1,1,1,1,1,1
G11000100036003,110010036003,G11000100036003,110010036003,1,1,1,1,1,1,1,1
G11000100037001,110010037001,G11000100037011,110010037011,1,1,1,1,1,1,1,1
G11000100037002,110010037002,G11000100037021,110010037021,0.2679198876,0.3980793061,0.4519480519,0.1834677419,0.2785016287,0.2806748466,0.05907173,0.3309788093
G11000100037002,110010037002,G11000100037022,110010037022,0.7320801124,0.6019206939,0.5480519481,0.8165322581,0.7214983713,0.7193251534,0.94092827,0.6690211907
G11000100037003,110010037003,G11000100037012,110010037012,1,1,1,1,1,1,1,1
G11000100038001,110010038001,G11000100038021,110010038021,0.5431391496,0.4259166248,0.4243582742,0.4432624113,0.384406165,0.4084858569,0.5451713396,0.3184143223
G11000100038001,110010038001,G11000100038023,110010038023,0.4568608504,0.5740833752,0.5756417258,0.5567375887,0.615593835,0.5915141431,0.4548286604,0.6815856777
G11000100038002,110010038002,G11000100038011,110010038011,0.3057249141,0.5003344482,0.5183058148,0.3849765258,0.5850622407,0.6030828516,0.3325123153,0.7688172043
G11000100038002,110010038002,G11000100038012,110010038012,0.6942750859,0.4996655518,0.4816941852,0.6150234742,0.4149377593,0.3969171484,0.6674876847,0.2311827957
G11000100038003,110010038003,G11000100038022,110010038022,1,1,1,1,1,1,1,1
G11000100039001,110010039001,G11000100039011,110010039011,1,1,1,1,1,1,1,1
G11000100039002,110010039002,G11000100005011,110010005011,0,0,0,0,0,0,0,0
G11000100039002,110010039002,G11000100039021,110010039021,1,1,1,1,1,1,1,1
G11000100039003,110010039003,G11000100039012,110010039012,1,1,1,1,1,1,1,1
G11000100039004,110010039004,G11000100039022,110010039022,1,1,1,1,1,1,1,1
G11000100040011,110010040011,G11000100040011,110010040011,1,1,1,1,1,1,1,1
G11000100040012,110010040012,G11000100040012,110010040012,1,1,1,1,1,1,1,1
G11000100040013,110010040013,G11000100005011,110010005011,0,0,0,0,0,0,0,0
G11000100040013,110010040013,G11000100040013,110010040013,0.3767423423,0.6305609284,0.6364912281,0.6138211382,0.6418367347,0.6552363299,0.5404814004,0.7304015296
G11000100040013,110010040013,G11000100040014,110010040014,0.6232576577,0.3694390716,0.3635087719,0.3861788618,0.3581632653,0.3447636701,0.4595185996,0.2695984704
G11000100040021,110010040021,G11000100040021,110010040021,1,1,1,1,1,1,1,1
G11000100040022,110010040022,G11000100040022,110010040022,1,1,1,1,1,1,1,1
G11000100040023,110010040023,G11000100040023,110010040023,1,1,1,1,1,1,1,1
G11000100041001,110010041001,G11000100041001,110010041001,1,1,1,1,1,1,1,1
G11000100041002,110010041002,G11000100005013,110010005013,0.0001276558,0,0,0,0,0,0,0
G11000100041002,110010041002,G11000100041002,110010041002,0.9998723442,1,1,1,1,1,1,1
G11000100041003,110010041003,G11000100001011,110010001011,0.0010921005,0,0,0,0,0,0,0
G11000100041003,110010041003,G11000100001021,110010001021,0,0,0,0,0,0,0,0
G11000100041003,110010041003,G11000100041003,110010041003,0.9989078995,1,1,1,1,1,1,1
G11000100042011,110010042011,G11000100042011,110010042011,1,1,1,1,1,1,1,1
G11000100042012,110010042012,G11000100042012,110010042012,0.4121090337,0.4261006289,0.4204793028,0.3891625616,0.3868349865,0.3798977853,0.3758241758,0.3944954128
G11000100042012,110010042012,G11000100042013,110010042013,0.5878909663,0.5738993711,0.5795206972,0.6108374384,0.6131650135,0.6201022147,0.6241758242,0.6055045872
G11000100042021,110010042021,G11000100042021,110010042021,1,1,1,1,1,1,1,1
G11000100042022,110010042022,G11000100042022,110010042022,1,1,1,1,1,1,1,1
G11000100043001,110010043001,G11000100043002,110010043002,0.560747968,0.4578079534,0.4179104478,0.5939849624,0.3788476717,0.3782969103,0.4698795181,0.3565815324
G11000100043001,110010043001,G11000100043003,110010043003,0.439252032,0.5421920466,0.5820895522,0.4060150376,0.6211523283,0.6217030897,0.5301204819,0.6434184676
G11000100043002,110010043002,G11000100043001,110010043001,0.365092882,0.4576697402,0.4765409384,0.3888888889,0.4926035503,0.4940554822,0.5543859649,0.4475703325
G11000100043002,110010043002,G11000100043004,110010043004,0.634907118,0.5423302598,0.5234590616,0.6111111111,0.5073964497,0.5059445178,0.4456140351,0.5524296675
G11000100044001,110010044001,G11000100044011,110010044011,0.3708297049,0.4615384615,0.4536199095,0.5071225071,0.4404548175,0.4398644833,0.5037273695,0.3592896175
G11000100044001,110010044001,G11000100044012,110010044012,0.2985884688,0.3542795233,0.3616138763,0.3105413105,0.3794135248,0.3811405985,0.3056443024,0.4740437158
G11000100044001,110010044001,G11000100044013,110010044013,0.3305818263,0.1841820152,0.1847662142,0.1823361823,0.1801316577,0.1789949181,0.190628328,0.1666666667
G11000100044002,110010044002,G11000100044021,110010044021,0.5010846382,0.4908485857,0.4903786468,0.4928571429,0.5243309002,0.5238636364,0.5126262626,0.5352112676
G11000100044002,110010044002,G11000100044022,110010044022,0.4989153618,0.5091514143,0.5096213532,0.5071428571,0.4756690998,0.4761363636,0.4873737374,0.4647887324
G11000100046001,110010046001,G11000100046001,110010046001,1,1,1,1,1,1,1,1
G11000100046002,110010046002,G11000100046002,110010046002,1,1,1,1,1,1,1,1
G11000100047011,110010047011,G11000100047041,110010047041,1,1,1,1,1,1,1,1
G11000100047012,110010047012,G11000100047031,110010047031,0.0740306286,0.2242068576,0.2592900549,0.1905798617,0.2677784685,0.2704690036,0.3288554018,0.2458113026
G11000100047012,110010047012,G11000100047032,110010047032,0.174659995,0.326401838,0.3775962786,0.276560458,0.3892054623,0.3930769297,0.4795558132,0.3567097058
G11000100047012,110010047012,G11000100047033,110010047033,0.0729268567,0.0036882551,0.004263493,0,0,0,0,0
G11000100047012,110010047012,G11000100047034,110010047034,0.2156553808,0.0500869565,0.0619195046,0.0319715808,0.0716934487,0.0725570509,0.0023364486,0.0966386555
G11000100047012,110010047012,G11000100047042,110010047042,0.4539662203,0.3954782609,0.2967713401,0.5008880995,0.2713226205,0.2638970158,0.1892523364,0.3008403361
G11000100047012,110010047012,G11000100048021,110010048021,0.0087609187,0.0001378318,0.0001593288,0,0,0,0,0
G11000100047021,110010047021,G11000100047021,110010047021,0.5595710127,0.3884572697,0.3636915604,0.4075471698,0.2245119306,0.213562753,0.0240174672,0.4224137931
G11000100047021,110010047021,G11000100047022,110010047022,0.2107982228,0.3928967814,0.401335762,0.4075471698,0.5119305857,0.528340081,0.6200873362,0.4051724138
G11000100047021,110010047021,G11000100047023,110010047023,0.0522108166,0.0006622847,0.0007246126,0,0.0006472001,0.0030198304,0.0013028788,0
G11000100047021,110010047021,G11000100047024,110010047024,0.1226229508,0.2063299462,0.2214976096,0.1849056604,0.2629102836,0.2540651899,0.3545923177,0.1724137931
G11000100047021,110010047021,G11000100047025,110010047025,0.0547969971,0.0116537181,0.0127504554,0,0,0.0010121457,0,0
G11000100048011,110010048011,G11000100046002,110010046002,0.0007906184,0,0,0,0,0,0,0
G11000100048011,110010048011,G11000100048011,110010048011,0.2546200779,0.3191787214,0.322647363,0.2467532468,0.3580705009,0.3410596026,0.2743362832,0.4185303514
G11000100048011,110010048011,G11000100048012,110010048012,0.2830697414,0.275314979,0.2740434333,0.3051948052,0.2569573284,0.2533112583,0.2544247788,0.2587859425
G11000100048011,110010048011,G11000100048013,110010048013,0.4615195623,0.4055062996,0.4033092037,0.4480519481,0.3849721707,0.4056291391,0.4712389381,0.3226837061
G11000100048021,110010048021,G11000100048021,110010048021,1,1,1,1,1,1,1,1
G11000100048022,110010048022,G11000100048022,110010048022,1,1,1,1,1,1,1,1
G11000100049011,110010049011,G11000100049011,110010049011,1,1,1,1,1,1,1,1
G11000100049012,110010049012,G11000100049012,110010049012,0.3645113472,0.3698781838,0.3692848769,0.38,0.2795918367,0.3264957265,0.3142857143,0.2603174603
G11000100049012,110010049012,G11000100049013,110010049013,0.6354886528,0.6301218162,0.6307151231,0.62,0.7204081633,0.6735042735,0.6857142857,0.7396825397
G11000100049021,110010049021,G11000100049021,110010049021,1,1,1,1,1,1,1,1
G11000100049022,110010049022,G11000100049022,110010049022,0.3960320585,0.3665955176,0.3464658169,0.3931034483,0.3299725023,0.3338968724,0.162962963,0.4285714286
G11000100049022,110010049022,G11000100049023,110010049023,0.6039679415,0.6334044824,0.6535341831,0.6068965517,0.6700274977,0.6661031276,0.837037037,0.5714285714
G11000100050011,110010050011,G11000100050011,110010050011,1,1,1,1,1,1,1,1
G11000100050012,110010050012,G11000100050012,110010050012,0.9653648561,1,1,1,1,1,1,1
G11000100050012,110010050012,G11000100050042,110010050042,0.0346351439,0,0,0,0,0,0,0
G11000100050021,110010050021,G11000100050041,110010050041,1,1,1,1,1,1,1,1
G11000100050022,110010050022,G11000100050031,110010050031,0.5288595878,0.4180114524,0.4095083739,0.4319248826,0.3661290323,0.3649962603,0.54,0.3106382979
G11000100050022,110010050022,G11000100050032,110010050032,0.4711404122,0.5819885476,0.5904916261,0.5680751174,0.6338709677,0.6350037397,0.46,0.6893617021
G11000100050023,110010050023,G11000100050031,110010050031,0.0353223161,0.0261660978,0.027534418,0.0072992701,0.0362173038,0.0342205323,0.0307692308,0.0421940928
G11000100050023,110010050023,G11000100050042,110010050042,0.9646776839,0.9738339022,0.972465582,0.9927007299,0.9637826962,0.9657794677,0.9692307692,0.9578059072
G11000100050024,110010050024,G11000100050043,110010050043,1,1,1,1,1,1,1,1
G11000100052011,110010052011,G11000100052031,110010052031,0.4032454435,0.5343254921,0.5287469287,0.5375,0.5377358491,0.5317044793,0.2260273973,0.5692520776
G11000100052011,110010052011,G11000100052033,110010052033,0.5967545565,0.4656745079,0.4712530713,0.4625,0.4622641509,0.4682955207,0.7739726027,0.4307479224
G11000100052012,110010052012,G11000100052022,110010052022,1,1,1,1,1,1,1,1
G11000100052013,110010052013,G11000100052032,110010052032,1,1,1,1,1,1,1,1
G11000100052014,110010052014,G11000100052021,110010052021,0.3326438477,0.4529577465,0.4808405439,0.4128113879,0.5056285178,0.5073086844,0.5824175824,0.425
G11000100052014,110010052014,G11000100052023,110010052023,0.6673561523,0.5470422535,0.5191594561,0.5871886121,0.4943714822,0.4926913156,0.4175824176,0.575
G11000100053011,110010053011,G11000100053021,110010053021,1,1,1,1,1,1,1,1
G11000100053012,110010053012,G11000100053032,110010053032,1,1,1,1,1,1,1,1
G11000100053013,110010053013,G11000100053031,110010053031,0.5078834092,0.1726726727,0.1741444867,0.23,0.1685499058,0.1636205396,0.2830769231,0.118046133
G11000100053013,110010053013,G11000100053033,110010053033,0.4921165908,0.8273273273,0.8258555133,0.77,0.8314500942,0.8363794604,0.7169230769,0.881953867
G11000100053014,110010053014,G11000100053022,110010053022,0.4115322699,0.5615731786,0.5656498674,0.4863013699,0.5774647887,0.5663716814,0.3740458015,0.6438356164
G11000100053014,110010053014,G11000100053023,110010053023,0.5884677301,0.4384268214,0.4343501326,0.5136986301,0.4225352113,0.4336283186,0.6259541985,0.3561643836
G11000100055001,110010055001,G11000100055021,110010055021,1,1,1,1,1,1,1,1
G11000100055002,110010055002,G11000100001011,110010001011,0,0,0,0,0,0,0,0
G11000100055002,110010055002,G11000100001023,110010001023,0,0,0,0,0,0,0,0
G11000100055002,110010055002,G11000100055031,110010055031,0.2953763511,0.6757505774,0.6766809728,0.6903225806,0.6477192982,0.6014697569,0.6846473029,0.6288441145
G11000100055002,110010055002,G11000100055032,110010055032,0.7046236489,0.3242494226,0.3233190272,0.3096774194,0.3522807018,0.3985302431,0.3153526971,0.3711558855
G11000100055003,110010055003,G11000100055011,110010055011,0.5535268803,0.4825581395,0.4828614009,0.4252873563,0.505186722,0.4964200477,0.4671968191,0.546637744
G11000100055003,110010055003,G11000100055012,110010055012,0.4464731197,0.5174418605,0.5171385991,0.5747126437,0.494813278,0.5035799523,0.5328031809,0.453362256
G11000100055004,110010055004,G11000100055022,110010055022,1,1,1,1,1,1,1,1
G11000100055005,110010055005,G11000100055023,110010055023,1,1,1,1,1,1,1,1
G11000100056001,110010056001,G11000100001023,110010001023,0,0,0,0,0,0,0,0
G11000100056001,110010056001,G11000100056011,110010056011,0.255202505,0.5555555556,0.5538461538,0.5909090909,0.5565052232,0.5310233683,0.5510204082,0.5581683168
G11000100056001,110010056001,G11000100056012,110010056012,0.744797495,0.4444444444,0.4461538462,0.4090909091,0.4434947768,0.4689766317,0.4489795918,0.4418316832
G11000100056002,110010056002,G11000100001023,110010001023,0,0,0,0,0,0,0,0
G11000100056002,110010056002,G11000100056021,110010056021,0.1634273839,0.5027404086,0.5032978184,0.2741312741,0.4734774067,0.4534510433,0.3692509855,0.7821011673
G11000100056002,110010056002,G11000100056023,110010056023,0.7981406548,0.4972595914,0.4967021816,0.7258687259,0.5265225933,0.5465489567,0.6307490145,0.2178988327
G11000100056002,110010056002,G11000109800001,110019800001,0.0384319613,0,0,0,0,0,0,0
G11000100056003,110010056003,G11000100056022,110010056022,1,1,1,1,1,1,1,1
G11000100056004,110010056004,G11000100056013,110010056013,1,1,1,1,1,1,1,1
G11000100058001,110010058001,G11000100058021,110010058021,0.1654818768,0.0043010753,0.0033557047,0,0,0,0,0
G11000100058001,110010058001,G11000100058022,110010058022,0.2039378517,0.0021505376,0.0022371365,0,0,0,0,0
G11000100058001,110010058001,G11000100058023,110010058023,0.1181606433,0.0096774194,0.0089485459,0,0,0,0,0
G11000100058001,110010058001,G11000100058024,110010058024,0.0742240316,0.5688172043,0.5738255034,0.5733333333,0.6076923077,0.7079556898,0.3755458515,0.7339667458
G11000100058001,110010058001,G11000100058025,110010058025,0.4381955966,0.4150537634,0.4116331096,0.4266666667,0.3923076923,0.2920443102,0.6244541485,0.2660332542
G11000100058002,110010058002,G11000100058011,110010058011,0.319543595,0.3789473684,0.3832599119,0.4387096774,0.4301724138,0.4379284082,0.6909492274,0.2630834512
G11000100058002,110010058002,G11000100058012,110010058012,0.680456405,0.6210526316,0.6167400881,0.5612903226,0.5698275862,0.5620715918,0.3090507726,0.7369165488
G11000100059001,110010059001,G11000100047021,110010047021,0.0001059089,0,0,0,0,0,0,0
G11000100059001,110010059001,G11000100059001,110010059001,0.0375042247,0.5913942628,0.6065857886,0.5307692308,0.7248850952,0.7114561028,0.9862068966,0.6973875181
G11000100059001,110010059001,G11000100059002,110010059002,0.9623898664,0.4086057372,0.3934142114,0.4692307692,0.2751149048,0.2885438972,0.0137931034,0.3026124819
G11000100062021,110010062021,G11000100001023,110010001023,0.0074740261,0,0,0,0,0,0,0
G11000100062021,110010062021,G11000100056023,110010056023,0.0002247999,0,0,0,0,0,0,0
G11000100062021,110010062021,G11000100058022,110010058022,0.0006262393,0,0,0,0,0,0,0
G11000100062021,110010062021,G11000100102025,110010102025,0.0005599423,0,0,0,0,0,0,0
G11000100062021,110010062021,G11000109800001,110019800001,0.9911149924,1,1,1,1,1,1,1
G11000100064001,110010064001,G11000100064001,110010064001,1,1,1,1,1,1,1,1
G11000100064002,110010064002,G11000100064002,110010064002,1,1,1,1,1,1,1,1
G11000100065001,110010065001,G11000100065001,110010065001,1,1,1,1,1,1,1,1
G11000100065002,110010065002,G11000100065002,110010065002,1,1,1,1,1,1,1,1
G11000100066001,110010066001,G11000100065001,110010065001,0.0071688456,0,0,0,0,0,0,0
G11000100066001,110010066001,G11000100066001,110010066001,0.5566944623,0.6678889471,0.6702380952,0.676300578,0.6702755906,0.6745406824,0.6666666667,0.673870334
G11000100066001,110010066001,G11000100066002,110010066002,0.436136692,0.3321110529,0.3297619048,0.323699422,0.3297244094,0.3254593176,0.3333333333,0.326129666
G11000100067001,110010067001,G11000100067001,110010067001,1,1,1,1,1,1,1,1
G11000100067002,110010067002,G11000100067002,110010067002,1,1,1,1,1,1,1,1
G11000100067003,110010067003,G11000100067003,110010067003,1,1,1,1,1,1,1,1
G11000100068011,110010068011,G11000100068011,110010068011,1,1,1,1,1,1,1,1
G11000100068012,110010068012,G11000100068012,110010068012,1,1,1,1,1,1,1,1
G11000100068021,110010068021,G11000100068021,110010068021,1,1,1,1,1,1,1,1
G11000100068022,110010068022,G11000100068022,110010068022,1,1,1,1,1,1,1,1
G11000100068041,110010068041,G11000100068041,110010068041,0.9996415678,1,1,1,1,1,1,1
G11000100068041,110010068041,G11000100071001,110010071001,0.0003584322,0,0,0,0,0,0,0
G11000100069001,110010069001,G11000100069001,110010069001,1,1,1,1,1,1,1,1
G11000100069002,110010069002,G11000100069002,110010069002,1,1,1,1,1,1,1,1
G11000100070001,110010070001,G11000100070001,110010070001,1,1,1,1,1,1,1,1
G11000100070002,110010070002,G11000100070002,110010070002,1,1,1,1,1,1,1,1
G11000100071001,110010071001,G11000100071001,110010071001,1,1,1,1,1,1,1,1
G11000100071002,110010071002,G11000100071002,110010071002,0.5052062416,0.5601539942,0.498216409,0.5873786408,0.5075987842,0.5169172932,0.2466367713,0.7227356747
G11000100071002,110010071002,G11000100071003,110010071003,0.4947937584,0.4398460058,0.501783591,0.4126213592,0.4924012158,0.4830827068,0.7533632287,0.2772643253
G11000100072001,110010072001,G11000100065002,110010065002,0.0076538905,0,0,0,0,0,0,0
G11000100072001,110010072001,G11000100070001,110010070001,0.0172056569,0,0,0,0,0,0,0
G11000100072001,110010072001,G11000100072022,110010072022,0.2374446316,0.1726069246,0.1788222582,0.1881918819,0.1823480433,0.2627118644,0.0981818182,0.2073434125
G11000100072001,110010072001,G11000100072023,110010072023,0.2089469416,0.4969450102,0.510534846,0.3616236162,0.4987510408,0.4334140436,0.0036363636,0.6457883369
G11000100072001,110010072001,G11000100072033,110010072033,0.0939317224,0,0,0,0,0,0,0
G11000100072001,110010072001,G11000100072034,110010072034,0.4348171571,0.3304480652,0.3106428957,0.4501845018,0.3189009159,0.303874092,0.8981818182,0.1468682505
G11000100072002,110010072002,G11000100070001,110010070001,0.0039162662,0,0,0,0,0,0,0
G11000100072002,110010072002,G11000100070002,110010070002,0.0063149205,0,0,0,0,0,0,0
G11000100072002,110010072002,G11000100072011,110010072011,0.1480358021,0,0,0,0,0.0013927577,0,0
G11000100072002,110010072002,G11000100072012,110010072012,0.1294925403,0,0,0,0,0,0,0
G11000100072002,110010072002,G11000100072013,110010072013,0.2708918462,0.0445783133,0.0421313507,0.1530612245,0.0254372019,0.0292479109,0,0.0261865794
G11000100072002,110010072002,G11000100072014,110010072014,0.1863681967,0,0,0,0,0,0,0
G11000100072002,110010072002,G11000100072021,110010072021,0.0451597677,0.4060240964,0.4126394052,0.3265306122,0.3831478537,0.3662952646,0.1666666667,0.3895253682
G11000100072002,110010072002,G11000100072031,110010072031,0.0460464517,0.3084337349,0.2986369269,0.3367346939,0.3131955485,0.286908078,0.3333333333,0.3126022913
G11000100072002,110010072002,G11000100072032,110010072032,0.1637742087,0.2409638554,0.2465923172,0.1836734694,0.2782193959,0.3161559889,0.5,0.271685761
G11000100073011,110010073011,G11000100073011,110010073011,0.2372655613,0.2929008333,0.3063718437,0.2911732012,0.2927454268,0.2701179858,0.0909090909,0.2955172116
G11000100073011,110010073011,G11000100073012,110010073012,0.2236074862,0.2865205843,0.257751938,0.3430079156,0.3435960591,0.404641776,0.6363636364,0.3395755306
G11000100073011,110010073011,G11000100073013,110010073013,0.5391269525,0.4205785824,0.4358762183,0.3658188832,0.3636585141,0.3252402382,0.2727272727,0.3649072578
G11000100073041,110010073041,G11000100073043,110010073043,0.1113912302,0.4062898428,0.3797886394,0.4299065421,0.4348422497,0.4257075472,0.173553719,0.4868421053
G11000100073041,110010073041,G11000100073044,110010073044,0.8807172489,0.5758606035,0.6050198151,0.5514018692,0.5473251029,0.5589622642,0.826446281,0.4917763158
G11000100073041,110010073041,G11000100074031,110010074031,0.0007093047,0.0014712937,0.0012522008,0.0015407005,0.0014699001,0.0012636288,0,0.0017624296
G11000100073041,110010073041,G11000100074093,110010074093,0.0071822163,0.0163782601,0.0139393448,0.0171508883,0.0163627473,0.0140665599,0,0.0196191494
G11000100073042,110010073042,G11000100073041,110010073041,1,1,1,1,1,1,1,1
G11000100073043,110010073043,G11000100073042,110010073042,1,1,1,1,1,1,1,1
G11000100074011,110010074011,G11000100074011,110010074011,0.9774385258,1,1,1,1,1,1,1
G11000100074011,110010074011,G11000100075031,110010075031,0.0147925148,0,0,0,0,0,0,0
G11000100074011,110010074011,G11000100076015,110010076015,0.0077689594,0,0,0,0,0,0,0
G11000100074012,110010074012,G11000100074012,110010074012,1,1,1,1,1,1,1,1
G11000100074031,110010074031,G11000100074031,110010074031,0.381697375,0.40818468,0.4146216769,0.4024725275,0.4203296703,0.4211864407,1,0.3625377644
G11000100074031,110010074031,G11000100074032,110010074032,0.618302625,0.59181532,0.5853783231,0.5975274725,0.5796703297,0.5788135593,0,0.6374622356
G11000100074041,110010074041,G11000100074041,110010074041,1,1,1,1,1,1,1,1
G11000100074042,110010074042,G11000100074042,110010074042,1,1,1,1,1,1,1,1
G11000100074043,110010074043,G11000100074012,110010074012,0.0033396851,0,0,0,0,0,0,0
G11000100074043,110010074043,G11000100074043,110010074043,0.9966603149,1,1,1,1,1,1,1
G11000100074061,110010074061,G11000100074061,110010074061,1,1,1,1,1,1,1,1
G11000100074062,110010074062,G11000100074062,110010074062,1,1,1,1,1,1,1,1
G11000100074071,110010074071,G11000100074071,110010074071,1,1,1,1,1,1,1,1
G11000100074072,110010074072,G11000100074072,110010074072,0.5552350189,0.4940711462,0.5299145299,0.4705882353,0.5087014726,0.5291319857,0.7348993289,0.3585746102
G11000100074072,110010074072,G11000100074073,110010074073,0.4447649811,0.5059288538,0.4700854701,0.5294117647,0.4912985274,0.4708680143,0.2651006711,0.6414253898
G11000100074081,110010074081,G11000100074071,110010074071,0.010699407,0,0,0,0,0,0,0
G11000100074081,110010074081,G11000100074081,110010074081,0.4238128892,0.3851217907,0.3798717316,0.4331864905,0.4377967711,0.4430992736,0.1044776119,0.486398259
G11000100074081,110010074081,G11000100074082,110010074082,0.5654877038,0.6148782093,0.6201282684,0.5668135095,0.5622032289,0.5569007264,0.8955223881,0.513601741
G11000100074091,110010074091,G11000100074091,110010074091,1,1,1,1,1,1,1,1
G11000100074092,110010074092,G11000100074092,110010074092,1,1,1,1,1,1,1,1
G11000100074093,110010074093,G11000100074093,110010074093,1,1,1,1,1,1,1,1
G11000100075021,110010075021,G11000100075021,110010075021,1,1,1,1,1,1,1,1
G11000100075022,110010075022,G11000100075022,110010075022,0.3753561789,0.2234156821,0.2146017699,0.226044226,0.212195122,0.2209543568,0.0441176471,0.295620438
G11000100075022,110010075022,G11000100075023,110010075023,0.6246438211,0.7765843179,0.7853982301,0.773955774,0.787804878,0.7790456432,0.9558823529,0.704379562
G11000100075031,110010075031,G11000100075031,110010075031,1,1,1,1,1,1,1,1
G11000100075032,110010075032,G11000100075032,110010075032,1,1,1,1,1,1,1,1
G11000100075041,110010075041,G11000100075021,110010075021,0.0407837121,0,0,0,0,0,0,0
G11000100075041,110010075041,G11000100075041,110010075041,0.8147402356,0.7148102815,0.6797820823,0.7194492255,0.6812313803,0.6288065844,0.6919642857,0.6781609195
G11000100075041,110010075041,G11000100075042,110010075042,0.1444760523,0.2851897185,0.3202179177,0.2805507745,0.3187686197,0.3711934156,0.3080357143,0.3218390805
G11000100076011,110010076011,G11000100076011,110010076011,1,1,1,1,1,1,1,1
G11000100076012,110010076012,G11000100076011,110010076011,0.0070618833,0,0,0,0,0,0,0
G11000100076012,110010076012,G11000100076012,110010076012,0.9929381167,1,1,1,1,1,1,1
G11000100076013,110010076013,G11000100076013,110010076013,1,1,1,1,1,1,1,1
G11000100076014,110010076014,G11000100076014,110010076014,1,1,1,1,1,1,1,1
G11000100076015,110010076015,G11000100076015,110010076015,1,1,1,1,1,1,1,1
G11000100076031,110010076031,G11000100076031,110010076031,1,1,1,1,1,1,1,1
G11000100076032,110010076032,G11000100076032,110010076032,1,1,1,1,1,1,1,1
G11000100076033,110010076033,G11000100076033,110010076033,1,1,1,1,1,1,1,1
G11000100076034,110010076034,G11000100076034,110010076034,1,1,1,1,1,1,1,1
G11000100076041,110010076041,G11000100076041,110010076041,1,1,1,1,1,1,1,1
G11000100076042,110010076042,G11000100076043,110010076043,0.2771308165,0.4133679429,0.4078740157,0.3946078431,0.451754386,0.4492957746,0.0933333333,0.8867313916
G11000100076042,110010076042,G11000100076044,110010076044,0.7228691835,0.5866320571,0.5921259843,0.6053921569,0.548245614,0.5507042254,0.9066666667,0.1132686084
G11000100076043,110010076043,G11000100076042,110010076042,1,1,1,1,1,1,1,1
G11000100076051,110010076051,G11000100076051,110010076051,1,1,1,1,1,1,1,1
G11000100076052,110010076052,G11000100076053,110010076053,0.1853960088,0.1002518892,0.0999383097,0.1223021583,0.0884086444,0.0858143608,0,0.09375
G11000100076052,110010076052,G11000100076054,110010076054,0.8146039912,0.8997481108,0.9000616903,0.8776978417,0.9115913556,0.9141856392,1,0.90625
G11000100076053,110010076053,G11000100076052,110010076052,1,1,1,1,1,1,1,1
G11000100077031,110010077031,G11000100077031,110010077031,1,1,1,1,1,1,1,1
G11000100077032,110010077032,G11000100077032,110010077032,1,1,1,1,1,1,1,1
G11000100077033,110010077033,G11000100077033,110010077033,1,1,1,1,1,1,1,1
G11000100077034,110010077034,G11000100077032,110010077032,0.0077476341,0.0019942401,0.0018585693,0.002259209,0.0015766515,0.0012888671,0.0048949529,0.0010260163
G11000100077034,110010077034,G11000100077034,110010077034,0.9922523659,0.9980057599,0.9981414307,0.997740791,0.9984233485,0.9987111329,0.9951050471,0.9989739837
G11000100077071,110010077071,G11000100077072,110010077072,0.5112511658,0.4096052162,0.4455664309,0.3762287296,0.4397251464,0.4249404906,0.7190786313,0.3278993556
G11000100077071,110010077071,G11000100077073,110010077073,0.4887488342,0.5903947838,0.5544335691,0.6237712704,0.5602748536,0.5750595094,0.2809213687,0.6721006444
G11000100077072,110010077072,G11000100077071,110010077071,1,1,1,1,1,1,1,1
G11000100077081,110010077081,G11000100077081,110010077081,1,1,1,1,1,1,1,1
G11000100077082,110010077082,G11000100077082,110010077082,1,1,1,1,1,1,1,1
G11000100077091,110010077091,G11000100077082,110010077082,0.0010358153,0,0,0,0,0,0,0
G11000100077091,110010077091,G11000100077091,110010077091,0.9989641847,1,1,1,1,1,1,1
G11000100077092,110010077092,G11000100077092,110010077092,1,1,1,1,1,1,1,1
G11000100078031,110010078031,G11000100078031,110010078031,1,1,1,1,1,1,1,1
G11000100078032,110010078032,G11000100078032,110010078032,1,1,1,1,1,1,1,1
G11000100078033,110010078033,G11000100078033,110010078033,1,1,1,1,1,1,1,1
G11000100078034,110010078034,G11000100078034,110010078034,1,1,1,1,1,1,1,1
G11000100078041,110010078041,G11000100078041,110010078041,1,1,1,1,1,1,1,1
G11000100078042,110010078042,G11000100078042,110010078042,1,1,1,1,1,1,1,1
G11000100078043,110010078043,G11000100078043,110010078043,1,1,1,1,1,1,1,1
G11000100078061,110010078061,G11000100078061,110010078061,1,1,1,1,1,1,1,1
G11000100078062,110010078062,G11000100078062,110010078062,1,1,1,1,1,1,1,1
G11000100078071,110010078071,G11000100078071,110010078071,0.9956027456,1,1,1,1,1,1,1
G11000100078071,110010078071,G11000100078082,110010078082,0.0043972544,0,0,0,0,0,0,0
G11000100078072,110010078072,G11000100078072,110010078072,1,1,1,1,1,1,1,1
G11000100078081,110010078081,G11000100078081,110010078081,1,1,1,1,1,1,1,1
G11000100078082,110010078082,G11000100078082,110010078082,1,1,1,1,1,1,1,1
G11000100078083,110010078083,G11000100078083,110010078083,1,1,1,1,1,1,1,1
G11000100078091,110010078091,G11000100078091,110010078091,1,1,1,1,1,1,1,1
G11000100078092,110010078092,G11000100078092,110010078092,1,1,1,1,1,1,1,1
G11000100079011,110010079011,G11000100079011,110010079011,1,1,1,1,1,1,1,1
G11000100079012,110010079012,G11000100079012,110010079012,1,1,1,1,1,1,1,1
G11000100079013,110010079013,G11000100079013,110010079013,1,1,1,1,1,1,1,1
G11000100079014,110010079014,G11000100079014,110010079014,1,1,1,1,1,1,1,1
G11000100079031,110010079031,G11000100079031,110010079031,1,1,1,1,1,1,1,1
G11000100080011,110010080011,G11000100080011,110010080011,1,1,1,1,1,1,1,1
G11000100080012,110010080012,G11000100080012,110010080012,1,1,1,1,1,1,1,1
G11000100080013,110010080013,G11000100080013,110010080013,1,1,1,1,1,1,1,1
G11000100080021,110010080021,G11000100080021,110010080021,1,1,1,1,1,1,1,1
G11000100080022,110010080022,G11000100080022,110010080022,1,1,1,1,1,1,1,1
G11000100081001,110010081001,G11000100081001,110010081001,1,1,1,1,1,1,1,1
G11000100081002,110010081002,G11000100081002,110010081002,1,1,1,1,1,1,1,1
G11000100081003,110010081003,G11000100081003,110010081003,1,1,1,1,1,1,1,1
G11000100082001,110010082001,G11000100082001,110010082001,1,1,1,1,1,1,1,1
G11000100082002,110010082002,G11000100082002,110010082002,0.2480013105,0.3301752724,0.3314403717,0.3177257525,0.3533270853,0.3732993197,0.2952853598,0.3885542169
G11000100082002,110010082002,G11000100082003,110010082003,0.2680541294,0.3202273804,0.3045947341,0.4147157191,0.2999062793,0.2823129252,0.3573200993,0.265060241
G11000100082002,110010082002,G11000100082004,110010082004,0.4839445601,0.3495973472,0.3639648942,0.2675585284,0.3467666354,0.3443877551,0.3473945409,0.3463855422
G11000100083011,110010083011,G11000100083011,110010083011,1,1,1,1,1,1,1,1
G11000100083012,110010083012,G11000100083012,110010083012,1,1,1,1,1,1,1,1
G11000100083021,110010083021,G11000100083021,110010083021,0.3422042156,0.4147778785,0.4046391753,0.4623115578,0.4192546584,0.4166666667,0.4669117647,0.3578199052
G11000100083021,110010083021,G11000100083022,110010083022,0.3690890065,0.2883046238,0.2953608247,0.2814070352,0.3064182195,0.3129844961,0.2702205882,0.3530805687
G11000100083021,110010083021,G11000100083023,110010083023,0.2887067779,0.2969174977,0.3,0.256281407,0.2743271222,0.2703488372,0.2628676471,0.2890995261
G11000100084021,110010084021,G11000100084021,110010084021,1,1,1,1,1,1,1,1
G11000100084022,110010084022,G11000100084022,110010084022,1,1,1,1,1,1,1,1
G11000100084101,110010084101,G11000100084101,110010084101,1,1,1,1,1,1,1,1
G11000100087011,110010087011,G11000100087011,110010087011,1,1,1,1,1,1,1,1
G11000100087012,110010087012,G11000100087012,110010087012,1,1,1,1,1,1,1,1
G11000100087021,110010087021,G11000100087021,110010087021,1,1,1,1,1,1,1,1
G11000100087022,110010087022,G11000100087022,110010087022,0.1946846047,0.0900735294,0.0897155361,0.09375,0.07421875,0.0581395349,0.1304347826,0.0283687943
G11000100087022,110010087022,G11000100087023,110010087023,0.8053153953,0.9099264706,0.9102844639,0.90625,0.92578125,0.9418604651,0.8695652174,0.9716312057
G11000100088021,110010088021,G11000100088021,110010088021,1,1,1,1,1,1,1,1
G11000100088022,110010088022,G11000100088022,110010088022,1,1,1,1,1,1,1,1
G11000100088023,110010088023,G11000100088023,110010088023,1,1,1,1,1,1,1,1
G11000100088024,110010088024,G11000100088024,110010088024,1,1,1,1,1,1,1,1
G11000100088031,110010088031,G11000100088031,110010088031,0.3216202428,0.4212076583,0.3662960796,0.7068965517,0.6968325792,0.727124183,0.6610169492,0.7023498695
G11000100088031,110010088031,G11000100088032,110010088032,0.6783797572,0.5787923417,0.6337039204,0.2931034483,0.3031674208,0.272875817,0.3389830508,0.2976501305
G11000100088041,110010088041,G11000100088041,110010088041,1,1,1,1,1,1,1,1
G11000100088042,110010088042,G11000100088042,110010088042,1,1,1,1,1,1,1,1
G11000100089031,110010089031,G11000100089032,110010089032,0.5235505787,0.7258883249,0.7091346154,0.7237569061,0.7085635359,0.6796785304,0.7852348993,0.6549295775
G11000100089031,110010089031,G11000100089033,110010089033,0.473858052,0.2741116751,0.2908653846,0.2762430939,0.2914364641,0.3203214696,0.2147651007,0.3450704225
G11000100089031,110010089031,G11000100089041,110010089041,0.0025913693,0,0,0,0,0,0,0
G11000100089032,110010089032,G11000100089031,110010089031,1,1,1,1,1,1,1,1
G11000100089041,110010089041,G11000100089042,110010089042,0.3070085274,0.5201211597,0.5288888889,0.5125240848,0.5146788991,0.5317073171,0.9056603774,0.4946962392
G11000100089041,110010089041,G11000100089043,110010089043,0.6929914726,0.4798788403,0.4711111111,0.4874759152,0.4853211009,0.4682926829,0.0943396226,0.5053037608
G11000100089042,110010089042,G11000100089041,110010089041,1,1,1,1,1,1,1,1
G11000100090001,110010090001,G11000100090001,110010090001,0.0025324106,0,0,0,0,0,0,0
G11000100090001,110010090001,G11000100090002,110010090002,0.5673410195,0.365159129,0.3680227058,0.4122807018,0.3643512451,0.3620253165,0,0.4818024263
G11000100090001,110010090001,G11000100090003,110010090003,0.4301265699,0.634840871,0.6319772942,0.5877192982,0.6356487549,0.6379746835,1,0.5181975737
G11000100090002,110010090002,G11000100090001,110010090001,1,1,1,1,1,1,1,1
G11000100091021,110010091021,G11000100091021,110010091021,0.9995730413,0.9986442711,0.9988071272,0.9985219249,0.9990150534,0.9990967319,0.9986034319,0.9996283966
G11000100091021,110010091021,G11000100091022,110010091022,0.0004269587,0.0013557289,0.0011928728,0.0014780751,0.0009849466,0.0009032681,0.0013965681,0.0003716034
G11000100091022,110010091022,G11000100091023,110010091023,0.5363011652,0.9184639663,0.9100877193,0.9119804401,0.9305177112,0.931198102,0.884057971,0.9585152838
G11000100091022,110010091022,G11000100091024,110010091024,0.4636988348,0.0815360337,0.0899122807,0.0880195599,0.0694822888,0.068801898,0.115942029,0.0414847162
G11000100091023,110010091023,G11000100091022,110010091022,1,1,1,1,1,1,1,1
G11000100092011,110010092011,G11000100092011,110010092011,0.22578419,0.2363360324,0.2161547213,0.3729508197,0.3543859649,0.3602584814,0.323943662,0.3725490196
G11000100092011,110010092011,G11000100092012,110010092012,0.76876442,0.7636639676,0.7838452787,0.6270491803,0.6456140351,0.6397415186,0.676056338,0.6274509804
G11000100092011,110010092011,G11000100093012,110010093012,0.0054513899,0,0,0,0,0,0,0
G11000100092031,110010092031,G11000100092031,110010092031,1,1,1,1,1,1,1,1
G11000100092032,110010092032,G11000100092032,110010092032,1,1,1,1,1,1,1,1
G11000100092041,110010092041,G11000100092041,110010092041,1,1,1,1,1,1,1,1
G11000100092042,110010092042,G11000100092042,110010092042,1,1,1,1,1,1,1,1
G11000100093011,110010093011,G11000100093011,110010093011,1,1,1,1,1,1,1,1
G11000100093012,110010093012,G11000100093012,110010093012,1,1,1,1,1,1,1,1
G11000100093013,110010093013,G11000100093013,110010093013,1,1,1,1,1,1,1,1
G11000100093014,110010093014,G11000100093014,110010093014,1,1,1,1,1,1,1,1
G11000100093021,110010093021,G11000100093021,110010093021,1,1,1,1,1,1,1,1
G11000100094001,110010094001,G11000100094001,110010094001,1,1,1,1,1,1,1,1
G11000100094002,110010094002,G11000100094002,110010094002,1,1,1,1,1,1,1,1
G11000100094003,110010094003,G11000100094003,110010094003,1,1,1,1,1,1,1,1
G11000100094004,110010094004,G11000100094003,110010094003,0.0020738027,0,0,0,0,0,0,0
G11000100094004,110010094004,G11000100094004,110010094004,0.9979261973,1,1,1,1,1,1,1
G11000100095011,110010095011,G11000100095084,110010095084,0.0553433071,0,0,0,0,0,0,0
G11000100095011,110010095011,G11000100095101,110010095101,0.9446566929,1,1,1,1,1,1,1
G11000100095012,110010095012,G11000100095102,110010095102,1,1,1,1,1,1,1,1
G11000100095013,110010095013,G11000100095041,110010095041,0.0019823759,0,0,0,0,0,0,0
G11000100095013,110010095013,G11000100095103,110010095103,0.1870120436,0.3238255034,0.2875840113,1,0.9980430528,0.9982547993,1,0.9974747475
G11000100095013,110010095013,G11000100095111,110010095111,0.8110055805,0.6761744966,0.7124159887,0,0.0019569472,0.0017452007,0,0.0025252525
G11000100095031,110010095031,G11000100095031,110010095031,1,1,1,1,1,1,1,1
G11000100095032,110010095032,G11000100095032,110010095032,1,1,1,1,1,1,1,1
G11000100095033,110010095033,G11000100095033,110010095033,1,1,1,1,1,1,1,1
G11000100095041,110010095041,G11000100095041,110010095041,1,1,1,1,1,1,1,1
G11000100095042,110010095042,G11000100095042,110010095042,1,1,1,1,1,1,1,1
G11000100095051,110010095051,G11000100095051,110010095051,1,1,1,1,1,1,1,1
G11000100095052,110010095052,G11000100095052,110010095052,1,1,1,1,1,1,1,1
G11000100095053,110010095053,G11000100095053,110010095053,1,1,1,1,1,1,1,1
G11000100095071,110010095071,G11000100095071,110010095071,1,1,1,1,1,1,1,1
G11000100095081,110010095081,G11000100095053,110010095053,0.0021733297,0,0,0,0,0,0,0
G11000100095081,110010095081,G11000100095082,110010095082,0.0024993292,0.0471688577,0.0505968325,0.0593485178,0.0560047797,0.0569926605,0,0.0582752438
G11000100095081,110010095081,G11000100095083,110010095083,0.2468858181,0.4882108245,0.5050077612,0.4329800579,0.5047197718,0.4988307816,0.0416666667,0.523492195
G11000100095081,110010095081,G11000100095084,110010095084,0.7473482051,0.4646203177,0.4443954063,0.5076714243,0.4392754485,0.444176558,0.9583333333,0.4182325613
G11000100095081,110010095081,G11000100095101,110010095101,0.0010933179,0,0,0,0,0,0,0
G11000100095082,110010095082,G11000100095081,110010095081,1,1,1,1,1,1,1,1
G11000100095083,110010095083,G11000100095082,110010095082,1,1,1,1,1,1,1,1
G11000100095091,110010095091,G11000100095091,110010095091,1,1,1,1,1,1,1,1
G11000100095092,110010095092,G11000100095092,110010095092,1,1,1,1,1,1,1,1
G11000100095093,110010095093,G11000100095093,110010095093,1,1,1,1,1,1,1,1
G11000100096011,110010096011,G11000100096011,110010096011,1,1,1,1,1,1,1,1
G11000100096011,110010096011,G11000100096021,110010096021,0,0,0,0,0,0,0,0
G11000100096021,110010096021,G11000100096011,110010096011,0,0,0,0,0,0,0,0
G11000100096021,110010096021,G11000100096022,110010096022,0.2809026773,0.8215909091,0.8060309698,0.8392484342,0.8322237017,0.8291517324,0.012987013,0.9258160237
G11000100096021,110010096021,G11000100096023,110010096023,0.7190973227,0.1784090909,0.1939690302,0.1607515658,0.1677762983,0.1708482676,0.987012987,0.0741839763
G11000100096022,110010096022,G11000100096011,110010096011,0,0,0,0,0,0,0,0
G11000100096022,110010096022,G11000100096021,110010096021,0.8326961991,0,0,0,0,0,0,0
G11000100096022,110010096022,G11000100096022,110010096022,0.1458615466,1,1,1,1,1,1,1
G11000100096022,110010096022,G11000100096023,110010096023,0.0214422543,0,0,0,0,0,0,0
G11000100096031,110010096031,G11000100096031,110010096031,1,1,1,1,1,1,1,1
G11000100096032,110010096032,G11000100096032,110010096032,1,1,1,1,1,1,1,1
G11000100096033,110010096033,G11000100096033,110010096033,1,1,1,1,1,1,1,1
G11000100096041,110010096041,G11000100096041,110010096041,1,1,1,1,1,1,1,1
G11000100096042,110010096042,G11000100096023,110010096023,0.0133377141,0,0,0,0,0,0,0
G11000100096042,110010096042,G11000100096042,110010096042,0.9866622859,1,1,1,1,1,1,1
G11000100097001,110010097001,G11000100073044,110010073044,0,0,0,0,0,0,0,0
G11000100097001,110010097001,G11000100097002,110010097002,0.5136500067,0.6200746578,0.6351829988,0.6179966044,0.5864745011,0.6201780415,0.6845238095,0.5282685512
G11000100097001,110010097001,G11000100097003,110010097003,0.4863499933,0.3799253422,0.3648170012,0.3820033956,0.4135254989,0.3798219585,0.3154761905,0.4717314488
G11000100097002,110010097002,G11000100097001,110010097001,1,1,1,1,1,1,1,1
G11000100098011,110010098011,G11000100098011,110010098011,1,1,1,1,1,1,1,1
G11000100098011,110010098011,G11000100098032,110010098032,0,0,0,0,0,0,0,0
G11000100098011,110010098011,G11000100098041,110010098041,0,0,0,0,0,0,0,0
G11000100098021,110010098021,G11000100098021,110010098021,1,1,1,1,1,1,1,1
G11000100098022,110010098022,G11000100098022,110010098022,1,1,1,1,1,1,1,1
G11000100098031,110010098031,G11000100098031,110010098031,1,1,1,1,1,1,1,1
G11000100098032,110010098032,G11000100098032,110010098032,1,1,1,1,1,1,1,1
G11000100098033,110010098033,G11000100098033,110010098033,1,1,1,1,1,1,1,1
G11000100098041,110010098041,G11000100098041,110010098041,1,1,1,1,1,1,1,1
G11000100098042,110010098042,G11000100098042,110010098042,1,1,1,1,1,1,1,1
G11000100098071,110010098071,G11000100098071,110010098071,1,1,1,1,1,1,1,1
G11000100098072,110010098072,G11000100098072,110010098072,0.2577065521,0.5329970576,0.5253779698,0.5258126195,0.5448536355,0.5428802589,0.3069908815,0.6520547945
G11000100098072,110010098072,G11000100098073,110010098073,0.7422934479,0.4670029424,0.4746220302,0.4741873805,0.4551463645,0.4571197411,0.6930091185,0.3479452055
G11000100098101,110010098101,G11000100098101,110010098101,1,1,1,1,1,1,1,1
G11000100098102,110010098102,G11000100098102,110010098102,1,1,1,1,1,1,1,1
G11000100098111,110010098111,G11000100098111,110010098111,1,1,1,1,1,1,1,1
G11000100098112,110010098112,G11000100098112,110010098112,0.5178447978,0.5792057117,0.568777991,0.5659050967,0.5763239875,0.5570902394,0.3085106383,0.6412903226
G11000100098112,110010098112,G11000100098113,110010098113,0.4821552022,0.4207942883,0.431222009,0.4340949033,0.4236760125,0.4429097606,0.6914893617,0.3587096774
G11000100099011,110010099011,G11000100099011,110010099011,1,1,1,1,1,1,1,1
G11000100099012,110010099012,G11000100099012,110010099012,1,1,1,1,1,1,1,1
G11000100099021,110010099021,G11000100099021,110010099021,1,1,1,1,1,1,1,1
G11000100099022,110010099022,G11000100099022,110010099022,1,1,1,1,1,1,1,1
G11000100099031,110010099031,G11000100099031,110010099031,1,1,1,1,1,1,1,1
G11000100099032,110010099032,G11000100099032,110010099032,1,1,1,1,1,1,1,1
G11000100099041,110010099041,G11000100099041,110010099041,1,1,1,1,1,1,1,1
G11000100099042,110010099042,G11000100099042,110010099042,0.5418383086,0.5651586766,0.6086508754,0.5571847507,0.6512455516,0.621253406,0.3935483871,0.7493857494
G11000100099042,110010099042,G11000100099043,110010099043,0.4581616914,0.4348413234,0.3913491246,0.4428152493,0.3487544484,0.378746594,0.6064516129,0.2506142506
G11000100099051,110010099051,G11000100099051,110010099051,1,1,1,1,1,1,1,1
G11000100099052,110010099052,G11000100099052,110010099052,1,1,1,1,1,1,1,1
G11000100099053,110010099053,G11000100099053,110010099053,1,1,1,1,1,1,1,1
G11000100099061,110010099061,G11000100099061,110010099061,1,1,1,1,1,1,1,1
G11000100099071,110010099071,G11000100099071,110010099071,1,1,1,1,1,1,1,1
G11000100099072,110010099072,G11000100099072,110010099072,1,1,1,1,1,1,1,1
G11000100101001,110010101001,G11000100058021,110010058021,0.0022881556,0,0,0,0,0,0,0
G11000100101001,110010101001,G11000100101002,110010101002,0.3692115112,0.5169753086,0.5151838039,0.5891891892,0.5256609642,0.5003274394,0.507082153,0.5326902465
G11000100101001,110010101001,G11000100101003,110010101003,0.6285003332,0.4830246914,0.4848161961,0.4108108108,0.4743390358,0.4996725606,0.492917847,0.4673097535
G11000100101002,110010101002,G11000100101001,110010101001,1,1,1,1,1,1,1,1
G11000100102001,110010102001,G11000100102021,110010102021,0.3253938109,0,0,0,0,0,0,0
G11000100102001,110010102001,G11000100102022,110010102022,0.3694037965,0.9788806758,0.977324263,1,1,1,1,1
G11000100102001,110010102001,G11000100102024,110010102024,0.3052023926,0.0211193242,0.022675737,0,0,0,0,0
G11000100102002,110010102002,G11000100102011,110010102011,0.0687233593,0.2018881627,0.2090007628,0.175257732,0.2275189599,0.2367194781,0.0130718954,0.2701298701
G11000100102002,110010102002,G11000100102012,110010102012,0.073063782,0.1670297749,0.1632341724,0.1288659794,0.1755146262,0.2367194781,0.3202614379,0.1467532468
G11000100102002,110010102002,G11000100102013,110010102013,0.0528463156,0.4408133624,0.4424103738,0.4226804124,0.4582881907,0.4035414725,0,0.5493506494
G11000100102002,110010102002,G11000100102023,110010102023,0.1846749691,0,0,0,0,0,0,0
G11000100102002,110010102002,G11000100102025,110010102025,0.4486806228,0.1902687001,0.1853546911,0.2731958763,0.1386782232,0.1230195713,0.6666666667,0.0337662338
G11000100102002,110010102002,G11000100102026,110010102026,0.168961526,0,0,0,0,0,0,0
G11000100102002,110010102002,G11000109800001,110019800001,0.0030494252,0,0,0,0,0,0,0
G11000100103001,110010103001,G11000100103001,110010103001,1,1,1,1,1,1,1,1
G11000100103002,110010103002,G11000100103002,110010103002,1,1,1,1,1,1,1,1
G11000100103003,110010103003,G11000100103003,110010103003,1,1,1,1,1,1,1,1
G11000100104001,110010104001,G11000100104001,110010104001,1,1,1,1,1,1,1,1
G11000100104002,110010104002,G11000100073013,110010073013,0.0444231414,0,0,0,0,0,0,0
G11000100104002,110010104002,G11000100074011,110010074011,0.0066079563,0.0253206182,0.0209467951,0.0348623853,0.0233236152,0.0205086136,0,0.031496063
G11000100104002,110010104002,G11000100074043,110010074043,0.0033847228,0,0,0,0,0,0,0
G11000100104002,110010104002,G11000100104002,110010104002,0.0740622853,0.5182505755,0.4838709677,0.6403669725,0.6550048591,0.6382280558,0.7265917603,0.6299212598
G11000100104002,110010104002,G11000100104003,110010104003,0.8715218942,0.4564288063,0.4951822371,0.3247706422,0.3216715258,0.3412633306,0.2734082397,0.3385826772
G11000100105001,110010105001,G11000100105003,110010105003,0.3332464652,0.7414500532,0.7100863989,0.7641835064,0.6824204334,0.6832068944,0.6981142302,0.6792303392
G11000100105001,110010105001,G11000100105005,110010105005,0.6667535348,0.2585499468,0.2899136011,0.2358164936,0.3175795666,0.3167931056,0.3018857698,0.3207696608
G11000100105002,110010105002,G11000100105001,110010105001,0.2312277769,0.0013860014,0.0014684288,0.0046296296,0.0010309278,0.0008169935,0,0.0018796992
G11000100105002,110010105002,G11000100105002,110010105002,0.1617760884,0.9986139986,0.9985315712,0.9953703704,0.9989690722,0.9991830065,1,0.9981203008
G11000100105002,110010105002,G11000100105004,110010105004,0.6069961347,0,0,0,0,0,0,0
G11000100106001,110010106001,G11000100106021,110010106021,1,1,1,1,1,1,1,1
G11000100106002,110010106002,G11000100106011,110010106011,0.1295911764,0.0208510638,0.0180487805,0.0193236715,0.0111627907,0.0149960537,0.0115740741,0.0108864697
G11000100106002,110010106002,G11000100106012,110010106012,0.0875315093,0,0,0,0,0,0,0
G11000100106002,110010106002,G11000100106023,110010106023,0.1100491593,0.5238297872,0.5512195122,0.4806763285,0.5897674419,0.590370955,0.375,0.734059098
G11000100106002,110010106002,G11000100106024,110010106024,0.2244357308,0.4480851064,0.4229268293,0.4975845411,0.3981395349,0.3938437253,0.6111111111,0.2550544323
G11000100106002,110010106002,G11000100106031,110010106031,0.2975603867,0.0072340426,0.007804878,0.0024154589,0.0009302326,0.000789266,0.0023148148,0
G11000100106002,110010106002,G11000100106032,110010106032,0.0282168416,0,0,0,0,0,0,0
G11000100106002,110010106002,G11000100106033,110010106033,0.1226151959,0,0,0,0,0,0,0
G11000100106003,110010106003,G11000100106022,110010106022,1,1,1,1,1,1,1,1
G11000100107001,110010107001,G11000100107001,110010107001,1,1,1,1,1,1,1,1
G11000100107002,110010107002,G11000100107002,110010107002,1,1,1,1,1,1,1,1
G11000100108001,110010108001,G11000100108001,110010108001,1,1,1,1,1,1,1,1
G11000100108002,110010108002,G11000100108002,110010108002,0.1952353297,0.0075500189,0.006466337,0,0,0,0,0
G11000100108002,110010108002,G11000100108004,110010108004,0.4319569618,0.0060400151,0.0053252187,0,0,0,0,0
G11000100108002,110010108002,G11000100108005,110010108005,0.0952840015,0,0,0,0,0,0,0
G11000100108002,110010108002,G11000100108006,110010108006,0.277523707,0.986409966,0.9882084443,1,1,1,1,1
G11000100108003,110010108003,G11000100108003,110010108003,1,1,1,1,1,1,1,1
G11000100109001,110010109001,G11000100109001,110010109001,1,1,1,1,1,1,1,1
G11000100109002,110010109002,G11000100109002,110010109002,1,1,1,1,1,1,1,1
G11000100110001,110010110001,G11000100110011,110010110011,1,1,1,1,1,1,1,1
G11000100110002,110010110002,G11000100110021,110010110021,1,1,1,1,1,1,1,1
G11000100110003,110010110003,G11000100110022,110010110022,1,1,1,1,1,1,1,1
G11000100110004,110010110004,G11000100110012,110010110012,0.5040455088,0.4168719212,0.4334009466,0.3697183099,0.4456824513,0.4410299003,0.4480946124,0.4398734177
G11000100110004,110010110004,G11000100110013,110010110013,0.4959544912,0.5831280788,0.5665990534,0.6302816901,0.5543175487,0.5589700997,0.5519053876,0.5601265823
G11000100111001,110010111001,G11000100111001,110010111001,1,1,1,1,1,1,1,1
G11000100111002,110010111002,G11000100111002,110010111002,1,1,1,1,1,1,1,1
G11000100111003,110010111003,G11000100111003,110010111003,1,1,1,1,1,1,1,1
